{
  "Data.Carbohydrate": 31.262800000000002,
  "Data.Cholesterol": 6.24,
  "Data.Choline": 0.15,
  "Data.Fiber": 0.64699998847,
  "Data.Kilocalories": 156.33,
  "Data.Manganese": 0.51207,
  "Data.Vitamin B3": 1.83184,
  "Data.Vitamin B5": 0.62728,
  "Data.Protein": 9.744200000000001,
  "Data.Vitamin B2": 0.16266000000000003,
  "Data.Selenium": 8.705,
  "Data.Sugar Total": 0.04670000076,
  "Data.Vitamin B1": 0.32145,
  "Data.Water": 60.7638,
  "Data.Fat.Total Lipid": 1.0155,
  "Data.Major Minerals.Calcium": 23.32,
  "Data.Major Minerals.Copper": 0.29628,
  "Data.Major Minerals.Iron": 3.5426,
  "Data.Major Minerals.Magnesium": 35.790000000000006,
  "Data.Major Minerals.Phosphorus": 156.83,
  "Data.Major Minerals.Potassium": 267.77,
  "Data.Major Minerals.Sodium": 144.17000000000002,
  "Data.Major Minerals.Zinc": 1.3760000000000001,
  "Data.Vitamin A ": 10.120000000000001,
  "Data.Vitamins.Vitamin B12": 0.041600000000000005,
  "Data.Vitamins.Vitamin B6": 0.1716,
  "Data.Vitamins.Vitamin C": 12.861,
  "Data.Vitamins.Vitamin E": 0.006500000000000001,
  "Data.Vitamins.Vitamin K": 0.01
}