{
  "Data.Carbohydrate": 210.661,
  "Data.Cholesterol": 190.4,
  "Data.Choline": 74.9,
  "Data.Fiber": 26.630000019200004,
  "Data.Kilocalories": 1143.5,
  "Data.Manganese": 5.37815,
  "Data.Vitamin B3": 14.548549999999999,
  "Data.Vitamin B5": 3.9725,
  "Data.Protein": 72.976,
  "Data.Vitamin B2": 2.54515,
  "Data.Selenium": 159.76999999999998,
  "Data.Sugar Total": 19.473999848,
  "Data.Vitamin B1": 1.35975,
  "Data.Water": 1143.3220000000001,
  "Data.Fat.Total Lipid": 4.196,
  "Data.Major Minerals.Calcium": 516.1,
  "Data.Major Minerals.Copper": 3.1159,
  "Data.Major Minerals.Iron": 24.919,
  "Data.Major Minerals.Magnesium": 409.7,
  "Data.Major Minerals.Phosphorus": 987.4000000000001,
  "Data.Major Minerals.Potassium": 3707.5499999999997,
  "Data.Major Minerals.Sodium": 808.5,
  "Data.Major Minerals.Zinc": 6.89,
  "Data.Vitamin A ": 823.6499999999999,
  "Data.Vitamins.Vitamin B12": 4.59,
  "Data.Vitamins.Vitamin B6": 2.0010000000000003,
  "Data.Vitamins.Vitamin C": 202.90499999999997,
  "Data.Vitamins.Vitamin E": 6.195,
  "Data.Vitamins.Vitamin K": 676.3900000000001
}